id,char,freq
0,<pad>,0
1,<sos>,0
2,<eos>,0
3, ,2205305
4,이,215749
5,어,183321
6,가,141018
7,는,132996
8,아,110602
9,에,108065
10,지,102156
11,고,97409
12,해,94647
13,나,90946
14,그,79461
15,하,76573
16,요,76391
17,다,75893
18,거,75438
19,게,73889
20,도,70084
21,줘,66885
22,서,66192
23,기,64956
24,리,60812
25,있,59409
26,야,57649
27,니,52519
28,주,51023
29,로,50150
30,시,48649
31,면,47854
32,사,45628
33,은,45500
34,내,45140
35,한,42381
36,을,42256
37,오,41342
38,라,40098
39,데,39910
40,보,39661
41,들,39615
42,수,39118
43,제,38203
44,래,38026
45,일,37520
46,마,37109
47,자,37059
48,려,36112
49,안,35102
50,으,34222
51,알,33620
52,까,33615
53,우,32726
54,생,27376
55,만,26285
56,할,25340
57,부,25221
58,동,25080
59,여,24931
60,무,23509
61,먹,22646
62,영,22155
63,대,22078
64,디,21971
65,인,21774
66,를,21515
67,금,21153
68,간,20936
69,번,20673
70,구,20265
71,화,20220
72,장,19956
73,저,19472
74,원,19102
75,러,19045
76,스,18889
77,난,18794
78,뭐,18556
79,말,18551
80,진,18340
81,전,18203
82,상,17947
83,엄,17723
84,때,17286
85,좋,17205
86,랑,17099
87,비,17060
88,예,16827
89,너,16485
90,늘,16416
91,정,16407
92,물,16352
93,세,16317
94,봐,16037
95,돼,15847
96,같,15834
97,네,15786
98,좀,15296
99,었,15078
100,신,14920
101,더,14900
102,줄,14636
103,문,14388
104,치,14134
105,람,13974
106,음,13927
107,모,13847
108,되,13687
109,잘,13651
110,집,13543
111,소,13233
112,선,13134
113,것,12931
114,했,12923
115,날,12870
116,공,12840
117,싶,12779
118,노,12686
119,방,12513
120,와,12379
121,겠,12251
122,드,11959
123,바,11919
124,테,11809
125,실,11594
126,학,11519
127,허,11490
128,빠,11407
129,건,11071
130,트,10839
131,님,10788
132,많,10585
133,차,10487
134,경,10430
135,달,10255
136,워,10156
137,식,10104
138,위,10076
139,르,9828
140,행,9751
141,없,9709
142,버,9705
143,몇,9679
144,의,9644
145,걸,9640
146,운,9610
147,강,9501
148,약,9500
149,머,9498
150,런,9496
151,과,9459
152,불,9373
153,막,9201
154,배,9188
155,못,9032
156,잖,8953
157,조,8948
158,터,8881
159,미,8813
160,호,8797
161,살,8718
162,렇,8648
163,개,8532
164,교,8493
165,언,8473
166,심,8289
167,근,7994
168,파,7993
169,또,7953
170,놀,7831
171,두,7718
172,료,7694
173,크,7560
174,점,7553
175,메,7551
176,산,7410
177,았,7405
178,얼,7364
179,찾,7325
180,올,7268
181,분,7263
182,맞,7212
183,준,7176
184,당,7085
185,직,7018
186,유,6932
187,재,6842
188,져,6802
189,탁,6797
190,빨,6669
191,찍,6662
192,연,6637
193,갔,6635
194,왔,6622
195,울,6598
196,양,6530
197,열,6369
198,틀,6349
199,십,6344
200,떻,6341
201,출,6284
202,추,6259
203,색,6225
204,계,6215
205,속,6168
206,린,6159
207,타,6106
208,처,6106
209,청,6101
210,갈,6046
211,림,6028
212,단,5990
213,각,5924
214,중,5902
215,용,5854
216,레,5853
217,관,5796
218,새,5791
219,볼,5766
220,든,5737
221,냥,5712
222,켜,5660
223,확,5643
224,작,5612
225,누,5608
226,발,5581
227,매,5519
228,통,5512
229,티,5460
230,설,5449
231,업,5414
232,삼,5402
233,친,5362
234,받,5310
235,민,5303
236,맛,5283
237,카,5260
238,책,5242
239,외,5236
240,피,5222
241,표,5170
242,국,5154
243,멍,5097
244,짜,5061
245,명,5023
246,애,5019
247,남,5004
248,프,4943
249,겨,4871
250,른,4869
251,회,4866
252,히,4814
253,입,4794
254,뉴,4739
255,돌,4696
256,체,4686
257,임,4625
258,길,4538
259,반,4519
260,감,4504
261,않,4488
262,읽,4480
263,온,4436
264,형,4428
265,숙,4400
266,혼,4385
267,던,4385
268,키,4373
269,적,4372
270,목,4363
271,질,4272
272,검,4248
273,떤,4185
274,록,4169
275,브,4093
276,밥,4090
277,코,4056
278,씨,4024
279,손,4003
280,왜,3980
281,습,3949
282,럼,3913
283,년,3907
284,등,3845
285,따,3795
286,된,3791
287,름,3783
288,넣,3778
289,역,3741
290,성,3686
291,천,3648
292,항,3623
293,봤,3614
294,잡,3588
295,느,3584
296,철,3583
297,초,3548
298,끝,3486
299,백,3469
300,육,3441
301,병,3417
302,곳,3417
303,얘,3410
304,슨,3410
305,결,3361
306,술,3357
307,났,3341
308,궁,3327
309,돈,3309
310,급,3302
311,복,3286
312,겅,3249
313,냐,3236
314,월,3235
315,필,3210
316,쓰,3208
317,토,3199
318,족,3174
319,후,3129
320,눈,3124
321,본,3118
322,믄,3102
323,편,3087
324,답,3023
325,김,3016
326,루,3001
327,별,2996
328,졌,2981
329,커,2962
330,젠,2961
331,끼,2947
332,몰,2940
333,꺼,2936
334,쪽,2903
335,써,2889
336,꾸,2884
337,랜,2860
338,렸,2833
339,쳐,2832
340,떡,2829
341,능,2812
342,응,2810
343,침,2759
344,태,2744
345,험,2709
346,케,2698
347,싸,2691
348,큰,2690
349,맨,2681
350,접,2677
351,갖,2627
352,팔,2622
353,락,2620
354,딱,2620
355,듣,2610
356,종,2538
357,법,2498
358,죽,2497
359,꼭,2482
360,잠,2463
361,싫,2440
362,줬,2411
363,현,2383
364,골,2369
365,격,2331
366,글,2327
367,옛,2322
368,박,2314
369,층,2301
370,놔,2272
371,왕,2268
372,담,2263
373,앞,2249
374,석,2229
375,망,2221
376,품,2194
377,합,2193
378,옷,2185
379,됐,2179
380,송,2172
381,씩,2168
382,칠,2142
383,랬,2121
384,셨,2110
385,될,2078
386,핸,2076
387,넘,2070
388,권,2066
389,긴,2057
390,귀,2049
391,댄,2044
392,찬,2040
393,밖,2023
394,찮,2015
395,먼,2014
396,굴,2006
397,뽀,2005
398,놓,1999
399,힘,1994
400,변,1994
401,축,1986
402,참,1983
403,릴,1974
404,섯,1968
405,창,1953
406,순,1943
407,환,1926
408,포,1924
409,폰,1923
410,최,1915
411,란,1915
412,착,1901
413,휴,1890
414,채,1885
415,셔,1881
416,녀,1876
417,웠,1868
418,즐,1867
419,곡,1852
420,벌,1851
421,류,1829
422,증,1820
423,잔,1807
424,괜,1801
425,녹,1770
426,였,1767
427,퍼,1764
428,엔,1757
429,쉬,1743
430,촌,1736
431,깐,1731
432,빌,1729
433,엉,1727
434,겼,1722
435,떨,1714
436,풍,1712
437,완,1700
438,절,1699
439,즘,1694
440,력,1678
441,깨,1664
442,헌,1624
443,슬,1621
444,판,1614
445,풀,1607
446,몸,1605
447,햄,1604
448,택,1601
449,앉,1582
450,붙,1579
451,빼,1551
452,텔,1549
453,꿔,1546
454,둘,1529
455,컨,1523
456,페,1509
457,죠,1507
458,즈,1505
459,황,1498
460,콩,1497
461,끄,1463
462,악,1460
463,뜨,1453
464,베,1452
465,짝,1438
466,웃,1434
467,밤,1434
468,옆,1430
469,승,1426
470,쁘,1415
471,갑,1387
472,딸,1384
473,움,1381
474,꽃,1380
475,떵,1368
476,밀,1362
477,뽑,1344
478,챙,1326
479,렴,1326
480,곱,1326
481,탕,1319
482,북,1309
483,닮,1304
484,께,1294
485,혀,1287
486,앙,1270
487,빵,1252
488,냄,1241
489,룩,1237
490,춰,1225
491,농,1206
492,끔,1200
493,픈,1193
494,뜻,1193
495,넹,1193
496,냉,1186
497,광,1185
498,뭔,1182
499,억,1176
500,높,1176
501,며,1173
502,띠,1173
503,센,1165
504,독,1161
505,탈,1144
506,뒤,1121
507,뭘,1108
508,띄,1098
509,론,1094
510,블,1087
511,활,1086
512,녁,1081
513,튜,1067
514,꿈,1067
515,밌,1062
516,플,1050
517,멋,1049
518,널,1040
519,평,1025
520,좌,1018
521,엘,1014
522,똑,1008
523,량,1006
524,논,991
525,땅,976
526,튼,974
527,쓸,969
528,쁜,959
529,찰,958
530,령,953
531,럽,947
532,납,945
533,닌,944
534,군,940
535,떠,937
536,댕,930
537,졸,927
538,늦,923
539,땐,921
540,꼬,911
541,투,906
542,밭,887
543,깜,878
544,렁,860
545,콜,854
546,련,850
547,욕,847
548,칭,838
549,혹,823
550,잇,821
551,암,809
552,쿠,804
553,취,803
554,홍,802
555,숨,799
556,뛰,793
557,총,792
558,킨,788
559,함,781
560,쯤,779
561,퀴,777
562,꽈,777
563,염,768
564,콘,755
565,큼,750
566,희,748
567,걱,748
568,헐,745
569,찌,745
570,닦,742
571,놨,733
572,낼,731
573,핑,717
574,율,716
575,멀,715
576,째,713
577,묻,711
578,볶,708
579,봇,707
580,랐,707
581,봉,702
582,범,692
583,끊,685
584,향,683
585,쥐,683
586,닥,669
587,잰,667
588,딘,667
589,솔,666
590,덴,666
591,낸,665
592,흥,655
593,흔,653
594,낭,648
595,씀,640
596,둥,637
597,숫,633
598,쟁,632
599,객,632
600,걔,631
601,특,629
602,충,629
603,씻,626
604,닐,626
605,퇴,625
606,딨,625
607,덜,622
608,젊,619
609,깔,619
610,릿,613
611,떼,613
612,견,609
613,싼,598
614,놈,596
615,클,590
616,삶,590
617,밑,590
618,컴,580
619,칙,579
620,푸,578
621,쳤,574
622,곰,572
623,쇠,569
624,렌,568
625,징,567
626,삐,563
627,끌,560
628,엠,559
629,홉,557
630,숭,557
631,핫,555
632,춤,555
633,램,546
634,썼,545
635,굉,540
636,퓨,538
637,릉,532
638,낮,532
639,겐,530
640,잃,527
641,극,527
642,슈,525
643,짓,524
644,튀,523
645,잊,520
646,렀,520
647,끗,516
648,캐,515
649,섭,515
650,벽,514
651,례,514
652,닭,509
653,줌,508
654,털,505
655,끓,504
656,척,499
657,걷,495
658,패,493
659,몬,490
660,졍,489
661,텐,488
662,땡,485
663,밝,484
664,똥,484
665,빙,483
666,뿌,482
667,켓,481
668,뻐,481
669,뀌,481
670,곧,478
671,헤,468
672,슴,464
673,둑,463
674,밟,461
675,냈,459
676,맥,455
677,럴,454
678,휠,453
679,켄,453
680,규,453
681,흙,450
682,쌀,449
683,득,447
684,팀,446
685,릇,446
686,셋,445
687,덟,445
688,녕,444
689,씬,443
690,눌,443
691,뚱,441
692,쭉,440
693,둬,440
694,찜,439
695,빈,439
696,괴,431
697,꼼,428
698,씹,427
699,젖,426
700,묵,424
701,쓴,422
702,쥬,419
703,빛,419
704,샀,416
705,껌,416
706,벳,412
707,혈,411
708,윤,410
709,쌍,407
710,낳,406
711,꿀,406
712,닫,403
713,잎,402
714,액,400
715,쉽,398
716,겁,398
717,봄,397
718,넷,396
719,곤,395
720,싱,389
721,룡,387
722,껴,382
723,효,381
724,톡,380
725,립,380
726,멈,377
727,익,376
728,씸,375
729,삭,374
730,첫,373
731,탄,372
732,념,371
733,션,369
734,맡,369
735,덕,369
736,겡,368
737,옥,366
738,벨,361
739,햇,358
740,쪄,357
741,왼,357
742,쩌,356
743,맙,356
744,덩,356
745,뒷,355
746,옮,354
747,릎,353
748,흘,351
749,깡,350
750,넌,347
751,콤,346
752,썰,346
753,칼,345
754,엇,345
755,끈,345
756,묶,341
757,뀐,341
758,낙,340
759,탑,338
760,맹,336
761,팝,334
762,퐁,332
763,혜,329
764,헬,329
765,싹,329
766,롯,328
767,잤,326
768,킬,324
769,봅,324
770,눠,324
771,흐,319
772,폭,319
773,쪼,318
774,닷,318
775,듯,316
776,혔,315
777,똘,315
778,팩,314
779,흰,311
780,훨,311
781,솜,309
782,랭,309
783,츠,307
784,낚,307
785,읍,305
786,섬,305
787,낌,305
788,꿍,305
789,얀,304
790,킹,303
791,젓,303
792,칵,302
793,쫌,301
794,짐,299
795,샌,299
796,놩,299
797,압,297
798,짧,296
799,쟤,293
800,붕,293
801,녔,293
802,팽,290
803,렵,290
804,댁,290
805,맘,289
806,첨,288
807,닿,286
808,껍,286
809,휘,284
810,팡,284
811,컬,284
812,쫓,284
813,썩,283
814,값,282
815,뱀,281
816,쌓,279
817,뭇,278
818,쑥,277
819,렛,274
820,딩,274
821,켰,273
822,탔,272
823,됩,272
824,훈,270
825,팬,267
826,팠,267
827,뚜,267
828,꿨,267
829,롭,266
830,폴,263
831,존,263
832,힌,262
833,쭈,262
834,펭,261
835,댔,260
836,팥,258
837,빡,258
838,랍,257
839,롱,254
840,뱃,248
841,믿,248
842,균,248
843,헙,247
844,쇼,247
845,갱,245
846,톱,244
847,샤,244
848,밍,243
849,엽,241
850,벗,239
851,귤,239
852,폐,237
853,펴,237
854,힐,236
855,쌌,235
856,캠,234
857,숲,234
858,뒀,234
859,깎,234
860,춘,233
861,꼴,233
862,멜,232
863,럭,232
864,땠,232
865,딴,232
866,멸,231
867,낫,229
868,몽,227
869,홈,226
870,슷,226
871,링,225
872,뚝,225
873,젤,224
874,벤,222
875,펑,220
876,꽉,220
877,뻔,218
878,깥,218
879,캔,216
880,넓,216
881,깼,216
882,섞,214
883,촬,212
884,칸,210
885,랗,210
886,렐,208
887,딪,208
888,컵,207
889,꽂,206
890,짱,205
891,뺏,204
892,쨌,203
893,걀,199
894,쏟,198
895,둔,197
896,솥,195
897,늙,194
898,좁,193
899,넨,192
900,흡,189
901,컸,188
902,숟,186
903,헹,185
904,줍,185
905,쉴,185
906,뿐,185
907,춥,184
908,돋,183
909,뼈,181
910,늑,181
911,꼈,181
912,빗,180
913,엑,179
914,큐,178
915,깊,178
916,획,177
917,맵,177
918,굼,177
919,흑,174
920,턴,172
921,옌,170
922,탐,169
923,찼,169
924,욱,168
925,콕,167
926,젼,167
927,긁,167
928,찔,164
929,멘,164
930,꾼,164
931,낵,163
932,덮,162
933,뜯,161
934,췄,160
935,얻,159
936,홀,158
937,꽁,158
938,샐,156
939,꿩,155
940,벼,154
941,녜,154
942,꾹,154
943,깃,154
944,폈,153
945,쏠,153
946,뾰,153
947,뇌,153
948,굿,153
949,콧,152
950,쩍,152
951,륙,152
952,굳,150
953,땀,149
954,꽝,149
955,뮤,148
956,뜬,148
957,왐,147
958,벅,147
959,찢,146
960,킥,145
961,릭,143
962,눗,143
963,흉,139
964,펜,139
965,렬,139
966,쏘,138
967,촐,136
968,닝,136
969,협,135
970,룸,135
971,푹,134
972,컷,134
973,뽕,133
974,듬,133
975,깝,130
976,팍,129
977,윈,129
978,옵,128
979,겹,128
980,앗,127
981,랄,127
982,껏,127
983,졈,125
984,륵,125
985,봥,124
986,갛,124
987,엌,122
988,떴,122
989,꺾,121
990,뭣,120
991,펄,119
992,쫙,117
993,젯,117
994,뱉,117
995,댓,117
996,픽,116
997,틱,116
998,앵,116
999,맑,116
1000,봔,115
1001,촉,114
1002,멩,113
1003,엎,112
1004,쎄,112
1005,펐,111
1006,퉁,111
1007,둡,111
1008,첩,110
1009,칫,109
1010,촘,109
1011,얗,109
1012,쏙,108
1013,깍,108
1014,쩔,107
1015,쾅,106
1016,엿,106
1017,뱅,106
1018,낱,105
1019,푼,104
1020,섰,104
1021,훌,103
1022,캤,103
1023,칩,103
1024,셈,103
1025,룻,103
1026,혁,102
1027,짬,102
1028,굽,102
1029,캘,101
1030,춧,101
1031,죄,101
1032,웨,101
1033,돗,99
1034,팅,97
1035,탱,97
1036,씌,97
1037,쌈,97
1038,랫,97
1039,멕,96
1040,뒁,96
1041,놘,96
1042,쳥,95
1043,릅,95
1044,웡,94
1045,삿,94
1046,맣,94
1047,짤,93
1048,썽,93
1049,붓,93
1050,멧,93
1051,둠,93
1052,쌩,92
1053,롤,92
1054,껀,92
1055,짠,91
1056,껑,91
1057,샴,90
1058,딜,90
1059,덥,90
1060,늬,88
1061,뇨,88
1062,률,87
1063,겸,87
1064,쵸,86
1065,샘,85
1066,턱,84
1067,빔,84
1068,펀,83
1069,쑤,83
1070,뿡,83
1071,즉,82
1072,웅,82
1073,쇄,82
1074,뤄,82
1075,깰,82
1076,템,81
1077,켤,81
1078,쫄,81
1079,략,81
1080,찹,80
1081,냅,80
1082,꿰,80
1083,찐,79
1084,윗,79
1085,삽,79
1086,뻤,79
1087,핀,78
1088,톨,78
1089,짚,78
1090,잣,78
1091,측,77
1092,줜,77
1093,뻗,77
1094,뺄,77
1095,눕,76
1096,맻,75
1097,랙,75
1098,웬,74
1099,깁,74
1100,쏴,73
1101,묘,73
1102,맴,73
1103,땜,73
1104,됨,73
1105,윙,70
1106,뜩,70
1107,뚤,70
1108,델,70
1109,녠,69
1110,툼,68
1111,셀,68
1112,돔,68
1113,앤,67
1114,쫀,66
1115,왁,66
1116,훔,65
1117,횡,65
1118,헨,65
1119,퉤,65
1120,쾌,65
1121,촞,65
1122,솖,65
1123,낀,65
1124,옹,64
1125,뺀,64
1126,뷔,64
1127,잉,63
1128,쉰,63
1129,뚫,63
1130,꽤,63
1131,굶,63
1132,굵,63
1133,갠,63
1134,갓,63
1135,솝,62
1136,벙,62
1137,뎅,62
1138,뭉,61
1139,횟,60
1140,줏,60
1141,쁠,60
1142,므,60
1143,곽,60
1144,벚,59
1145,덤,59
1146,펼,58
1147,줭,58
1148,빚,58
1149,쥴,57
1150,빤,57
1151,볕,57
1152,궈,57
1153,갤,57
1154,캄,56
1155,헷,55
1156,똣,55
1157,꼽,54
1158,갇,54
1159,촛,53
1160,젱,53
1161,쟈,53
1162,닙,53
1163,폼,52
1164,컹,52
1165,즙,52
1166,빴,52
1167,믈,52
1168,겉,52
1169,얄,51
1170,꺽,51
1171,쿵,50
1172,즌,50
1173,뵈,50
1174,밧,50
1175,륭,50
1176,껐,50
1177,텃,49
1178,얇,49
1179,뺐,49
1180,펠,48
1181,빅,48
1182,닉,48
1183,샵,47
1184,륜,46
1185,땄,46
1186,롬,45
1187,짭,44
1188,싯,44
1189,쉿,44
1190,밴,44
1191,갚,44
1192,틈,43
1193,탭,43
1194,랩,43
1195,긋,43
1196,쩝,42
1197,섣,42
1198,귓,42
1199,툭,41
1200,깻,41
1201,깅,41
1202,긍,41
1203,엊,40
1204,븐,40
1205,쩡,39
1206,궂,39
1207,핥,38
1208,쪘,38
1209,줨,38
1210,쌉,38
1211,숴,38
1212,붑,38
1213,둰,38
1214,갯,38
1215,팸,37
1216,윽,37
1217,옳,37
1218,싣,37
1219,숍,37
1220,뻑,37
1221,룹,37
1222,뗄,37
1223,돕,37
1224,귄,37
1225,곹,37
1226,헛,36
1227,탬,36
1228,탠,36
1229,콥,36
1230,쬐,36
1231,밸,36
1232,멤,36
1233,낄,36
1234,껄,36
1235,킵,35
1236,켱,35
1237,짖,35
1238,잼,35
1239,읊,35
1240,윷,35
1241,덧,35
1242,햅,34
1243,킁,34
1244,찻,34
1245,앴,34
1246,썸,34
1247,썬,34
1248,믹,34
1249,믐,34
1250,넉,34
1251,낯,34
1252,꿉,34
1253,톰,33
1254,쳔,33
1255,잭,33
1256,뻥,33
1257,왓,32
1258,삑,32
1259,뻘,32
1260,벵,32
1261,럿,32
1262,떄,32
1263,겪,32
1264,톤,31
1265,놉,31
1266,곶,31
1267,갰,31
1268,탓,30
1269,짼,30
1270,앰,30
1271,쐬,30
1272,썹,30
1273,뿔,30
1274,뿅,30
1275,랴,30
1276,딥,30
1277,듭,30
1278,됬,30
1279,꾀,30
1280,꼿,30
1281,괸,30
1282,엥,29
1283,앱,29
1284,씁,29
1285,빽,29
1286,봠,29
1287,볍,29
1288,궤,29
1289,겄,29
1290,헝,28
1291,픔,28
1292,톳,28
1293,옐,28
1294,샛,28
1295,삔,28
1296,멫,28
1297,뢰,28
1298,핵,27
1299,쿨,27
1300,쫒,27
1301,슘,27
1302,뽈,27
1303,붉,27
1304,맽,27
1305,냇,27
1306,끕,27
1307,깠,27
1308,힝,26
1309,찧,26
1310,짰,26
1311,왈,26
1312,얍,26
1313,셰,26
1314,룬,26
1315,듸,26
1316,휙,25
1317,튿,25
1318,텅,25
1319,캉,25
1320,쭤,25
1321,융,25
1322,쉐,25
1323,쁨,25
1324,룽,25
1325,뗐,25
1326,넛,25
1327,넋,25
1328,괘,25
1329,헉,24
1330,텍,24
1331,쿄,24
1332,좔,24
1333,쓱,24
1334,셩,24
1335,꿇,24
1336,곁,24
1337,뷰,23
1338,맺,23
1339,룰,23
1340,됀,23
1341,뀔,23
1342,핼,22
1343,컥,22
1344,웹,22
1345,쌤,22
1346,숯,22
1347,셜,22
1348,셍,22
1349,샾,22
1350,뜰,22
1351,흠,21
1352,퍽,21
1353,킴,21
1354,찝,21
1355,왠,21
1356,옝,21
1357,얏,21
1358,싰,21
1359,댜,21
1360,궜,21
1361,튤,20
1362,칡,20
1363,쩜,20
1364,웁,20
1365,몫,20
1366,갸,20
1367,흩,19
1368,혓,19
1369,췅,19
1370,웜,19
1371,옴,19
1372,앓,19
1373,슐,19
1374,볐,19
1375,냰,19
1376,껜,19
1377,깽,19
1378,욜,18
1379,씽,18
1380,섹,18
1381,몄,18
1382,랏,18
1383,딤,18
1384,넝,18
1385,낑,18
1386,풋,17
1387,팟,17
1388,퉈,17
1389,콰,17
1390,캡,17
1391,엮,17
1392,엣,17
1393,쒀,17
1394,삥,17
1395,뷸,17
1396,맷,17
1397,뛸,17
1398,됭,17
1399,괌,17
1400,펫,16
1401,툰,16
1402,텁,16
1403,켠,16
1404,췌,16
1405,첼,16
1406,짹,16
1407,얌,16
1408,앨,16
1409,슛,16
1410,뽄,16
1411,뺑,16
1412,밋,16
1413,뤘,16
1414,뎌,16
1415,댐,16
1416,괄,16
1417,걍,16
1418,짙,15
1419,짊,15
1420,죙,15
1421,솟,15
1422,붐,15
1423,뵐,15
1424,믓,15
1425,렷,15
1426,꼉,15
1427,핏,14
1428,틴,14
1429,툴,14
1430,쨍,14
1431,쟀,14
1432,슥,14
1433,숱,14
1434,륨,14
1435,롄,14
1436,렉,14
1437,덞,14
1438,뉘,14
1439,눴,14
1440,넥,14
1441,훤,13
1442,홋,13
1443,쿼,13
1444,윔,13
1445,웰,13
1446,얹,13
1447,얕,13
1448,쎈,13
1449,뿍,13
1450,뻣,13
1451,뭄,13
1452,땔,13
1453,넙,13
1454,깬,13
1455,귈,13
1456,큘,12
1457,켬,12
1458,캣,12
1459,캅,12
1460,츰,12
1461,쨈,12
1462,샹,12
1463,밲,12
1464,맬,12
1465,됑,12
1466,늄,12
1467,넬,12
1468,겊,12
1469,헴,11
1470,팎,11
1471,좍,11
1472,얜,11
1473,슉,11
1474,멓,11
1475,맸,11
1476,떳,11
1477,떫,11
1478,눵,11
1479,겟,11
1480,겔,11
1481,훅,10
1482,팜,10
1483,튕,10
1484,텝,10
1485,츄,10
1486,찡,10
1487,쫑,10
1488,잴,10
1489,쏢,10
1490,쌰,10
1491,몹,10
1492,뜸,10
1493,뗀,10
1494,뒹,10
1495,돍,10
1496,덖,10
1497,궐,10
1498,핧,9
1499,펙,9
1500,틸,9
1501,큽,9
1502,퀼,9
1503,콱,9
1504,윳,9
1505,쉼,9
1506,셤,9
1507,샅,9
1508,뺨,9
1509,뭍,9
1510,렝,9
1511,똠,9
1512,냬,9
1513,핍,8
1514,펩,8
1515,쯧,8
1516,쩐,8
1517,좆,8
1518,잿,8
1519,씰,8
1520,쒕,8
1521,뿜,8
1522,밉,8
1523,똔,8
1524,닯,8
1525,늉,8
1526,뇽,8
1527,넜,8
1528,홑,7
1529,팻,7
1530,탤,7
1531,퀸,7
1532,촥,7
1533,촤,7
1534,쪙,7
1535,좃,7
1536,얽,7
1537,쏜,7
1538,믕,7
1539,띵,7
1540,뜹,7
1541,듀,7
1542,됫,7
1543,돛,7
1544,녘,7
1545,궨,7
1546,갉,7
1547,퐅,6
1548,폿,6
1549,팁,6
1550,콸,6
1551,켕,6
1552,캥,6
1553,챱,6
1554,젭,6
1555,썻,6
1556,쌔,6
1557,뵙,6
1558,뱁,6
1559,뭡,6
1560,랠,6
1561,뛴,6
1562,딧,6
1563,뎄,6
1564,눅,6
1565,냑,6
1566,낍,6
1567,꽥,6
1568,귿,6
1569,겜,6
1570,힉,5
1571,횐,5
1572,헥,5
1573,픕,5
1574,팼,5
1575,팰,5
1576,톧,5
1577,텀,5
1578,킷,5
1579,쿳,5
1580,촙,5
1581,쭐,5
1582,쫘,5
1583,쨋,5
1584,짇,5
1585,젋,5
1586,잽,5
1587,쑉,5
1588,솎,5
1589,셉,5
1590,삯,5
1591,뻬,5
1592,빳,5
1593,볏,5
1594,멨,5
1595,멥,5
1596,렘,5
1597,둣,5
1598,댑,5
1599,눔,5
1600,낡,5
1601,끙,5
1602,껸,5
1603,굔,5
1604,곗,5
1605,걘,5
1606,훍,4
1607,풂,4
1608,튈,4
1609,퉜,4
1610,촟,4
1611,쳠,4
1612,첵,4
1613,챈,4
1614,쩬,4
1615,쩨,4
1616,쥥,4
1617,좇,4
1618,웽,4
1619,옜,4
1620,쌘,4
1621,슭,4
1622,쇽,4
1623,셌,4
1624,섦,4
1625,뼛,4
1626,뻰,4
1627,빻,4
1628,봬,4
1629,볽,4
1630,및,4
1631,묽,4
1632,띡,4
1633,땋,4
1634,뎠,4
1635,덛,4
1636,눙,4
1637,놤,4
1638,놋,4
1639,꿘,4
1640,꼰,4
1641,깄,4
1642,궥,4
1643,궝,4
1644,곯,4
1645,겋,4
1646,휭,3
1647,휩,3
1648,훗,3
1649,훑,3
1650,홇,3
1651,혐,3
1652,헸,3
1653,핬,3
1654,텽,3
1655,쿤,3
1656,켔,3
1657,켁,3
1658,췀,3
1659,쳇,3
1660,쫍,3
1661,쪈,3
1662,쥉,3
1663,쟨,3
1664,잦,3
1665,읫,3
1666,윘,3
1667,윌,3
1668,웍,3
1669,욤,3
1670,앚,3
1671,쒐,3
1672,쑨,3
1673,숩,3
1674,쇳,3
1675,섿,3
1676,섀,3
1677,샨,3
1678,샥,3
1679,삘,3
1680,뽓,3
1681,뽐,3
1682,뽇,3
1683,뺴,3
1684,빘,3
1685,뵝,3
1686,벢,3
1687,벋,3
1688,뱄,3
1689,뮈,3
1690,멎,3
1691,맏,3
1692,롸,3
1693,띤,3
1694,뗴,3
1695,뗌,3
1696,됏,3
1697,됌,3
1698,돠,3
1699,뎁,3
1700,댈,3
1701,닳,3
1702,늪,3
1703,냔,3
1704,꿋,3
1705,꽹,3
1706,꼄,3
1707,껭,3
1708,꺄,3
1709,휑,2
1710,훼,2
1711,훓,2
1712,횔,2
1713,홧,2
1714,펌,2
1715,탸,2
1716,퀘,2
1717,쿡,2
1718,켭,2
1719,켈,2
1720,캑,2
1721,챠,2
1722,챗,2
1723,챔,2
1724,찟,2
1725,쯔,2
1726,쮸,2
1727,쭙,2
1728,쫇,2
1729,젹,2
1730,젬,2
1731,쟝,2
1732,읗,2
1733,읒,2
1734,읏,2
1735,왱,2
1736,옻,2
1737,앳,2
1738,쑴,2
1739,쑬,2
1740,쑈,2
1741,쏵,2
1742,쌋,2
1743,슝,2
1744,쉭,2
1745,숼,2
1746,섶,2
1747,섕,2
1748,샜,2
1749,쁩,2
1750,뼘,2
1751,뼉,2
1752,뺍,2
1753,빕,2
1754,븨,2
1755,붸,2
1756,뵌,2
1757,봣,2
1758,봑,2
1759,볿,2
1760,벡,2
1761,믜,2
1762,뮬,2
1763,몀,2
1764,멭,2
1765,맫,2
1766,맜,2
1767,뤠,2
1768,랸,2
1769,띰,2
1770,뙤,2
1771,똗,2
1772,떰,2
1773,둽,2
1774,뎡,2
1775,뎀,2
1776,덫,2
1777,덝,2
1778,늣,2
1779,눼,2
1780,뇩,2
1781,놏,2
1782,녱,2
1783,낕,2
1784,끽,2
1785,뀝,2
1786,꾄,2
1787,꽌,2
1788,꼐,2
1789,꺁,2
1790,깩,2
1791,괭,2
1792,곪,2
1793,갭,2
1794,힙,1
1795,흟,1
1796,횃,1
1797,홅,1
1798,혠,1
1799,헠,1
1800,헜,1
1801,헑,1
1802,헀,1
1803,햐,1
1804,햋,1
1805,퓰,1
1806,폽,1
1807,폣,1
1808,폅,1
1809,펕,1
1810,펏,1
1811,퍅,1
1812,팓,1
1813,틔,1
1814,틋,1
1815,틉,1
1816,튬,1
1817,텡,1
1818,텄,1
1819,턘,1
1820,탯,1
1821,탉,1
1822,퀵,1
1823,퀄,1
1824,쿱,1
1825,쿰,1
1826,쾡,1
1827,캬,1
1828,츤,1
1829,춴,1
1830,촹,1
1831,촨,1
1832,첸,1
1833,챦,1
1834,챘,1
1835,찕,1
1836,쯕,1
1837,쫏,1
1838,쪌,1
1839,쩟,1
1840,쩀,1
1841,쨴,1
1842,쨔,1
1843,쨉,1
1844,짯,1
1845,짔,1
1846,쥣,1
1847,줴,1
1848,줩,1
1849,줐,1
1850,죈,1
1851,좡,1
1852,좜,1
1853,좐,1
1854,졘,1
1855,젲,1
1856,젔,1
1857,젇,1
1858,쟌,1
1859,잪,1
1860,읎,1
1861,웟,1
1862,웉,1
1863,욧,1
1864,욘,1
1865,욉,1
1866,왭,1
1867,왝,1
1868,옫,1
1869,엷,1
1870,엃,1
1871,얶,1
1872,얬,1
1873,얊,1
1874,앟,1
1875,쒼,1
1876,쒸,1
1877,쒓,1
1878,쒄,1
1879,쐰,1
1880,쏸,1
1881,쏭,1
1882,쏩,1
1883,쏨,1
1884,쎘,1
1885,썲,1
1886,썪,1
1887,썅,1
1888,쌜,1
1889,쌕,1
1890,쌂,1
1891,싕,1
1892,싀,1
1893,쉄,1
1894,숀,1
1895,솽,1
1896,솼,1
1897,솩,1
1898,솨,1
1899,셧,1
1900,삻,1
1901,삡,1
1902,삠,1
1903,뽠,1
1904,뻇,1
1905,뺌,1
1906,빾,1
1907,빱,1
1908,빰,1
1909,빧,1
1910,붇,1
1911,뵹,1
1912,뵜,1
1913,뵘,1
1914,볓,1
1915,벹,1
1916,벴,1
1917,벰,1
1918,뱈,1
1919,뱇,1
1920,밨,1
1921,뭤,1
1922,뭠,1
1923,묫,1
1924,묏,1
1925,뫃,1
1926,몣,1
1927,몌,1
1928,몆,1
1929,먕,1
1930,뢍,1
1931,뢌,1
1932,롷,1
1933,렙,1
1934,띱,1
1935,띧,1
1936,띈,1
1937,뜽,1
1938,뜅,1
1939,뗵,1
1940,뗘,1
1941,뗑,1
1942,뗏,1
1943,뗍,1
1944,떙,1
1945,땟,1
1946,땝,1
1947,듦,1
1948,뒛,1
1949,둿,1
1950,둼,1
1951,둴,1
1952,됄,1
1953,돵,1
1954,돴,1
1955,돎,1
1956,뎐,1
1957,뎃,1
1958,덱,1
1959,덨,1
1960,닻,1
1961,늿,1
1962,늠,1
1963,눨,1
1964,눤,1
1965,뇜,1
1966,놯,1
1967,넸,1
1968,넵,1
1969,넚,1
1970,냤,1
1971,낏,1
1972,뀠,1
1973,꿴,1
1974,꾕,1
1975,꼻,1
1976,꼳,1
1977,꼔,1
1978,껵,1
1979,깟,1
1980,긔,1
1981,긇,1
1982,궘,1
1983,궃,1
1984,굑,1
1985,곷,1
1986,곘,1
1987,겆,1
